{
    "Accomack_51": 0.5458612975391499,
    "Ada_16": 0.09172259507829977,
    "Addison_50": 0.4608501118568233,
    "Aiken_45": 0.24608501118568232,
    "Alachua_12": 0.34451901565995524,
    "Alameda_6": 0.843400447427293,
    "Alfalfa_40": 0.7583892617449665,
    "Allegan_26": 0.42058165548098436,
    "Allegany_24": 0.8859060402684564,
    "Allegheny_42": 0.7024608501118568,
    "Alpena_26": 0.5950782997762863,
    "Alpine_6": 0.854586129753915,
    "Amador_6": 0.22818791946308725,
    "Andrews_48": 0.2595078299776286,
    "Angelina_48": 0.6219239373601789,
    "Anne Arundel_24": 0.40268456375838924,
    "Anoka_27": 0.3668903803131991,
    "Appling_13": 0.6599552572706935,
    "Aransas_48": 0.14317673378076062,
    "Arapahoe_8": 0.5190156599552572,
    "Archuleta_8": 0.27069351230425054,
    "Arlington_51": 0.6868008948545862,
    "Armstrong_42": 0.8210290827740492,
    "Aroostook_23": 0.7628635346756152,
    "Ashtabula_39": 0.7158836689038032,
    "Athens_39": 0.8411633109619687,
    "Atlantic_34": 0.3959731543624161,
    "Avery_37": 0.8456375838926175,
    "Baldwin_1": 0.04697986577181208,
    "Baltimore_24": 0.5436241610738255,
    "Bandera_48": 0.5123042505592841,
    "Bannock_16": 0.30201342281879195,
    "Barbour_1": 0.7539149888143176,
    "Barnstable_25": 0.19015659955257272,
    "Barry_26": 0.3042505592841163,
    "Barton_20": 0.8948545861297539,
    "Bastrop_48": 0.008948545861297539,
    "Bay_12": 0.33557046979865773,
    "Bayfield_55": 0.11409395973154363,
    "Beaufort_37": 0.9149888143176734,
    "Bedford_42": 0.70917225950783,
    "Bennington_50": 0.2841163310961969,
    "Bergen_34": 0.36465324384787473,
    "Berkeley_45": 0.10067114093959731,
    "Bernalillo_35": 0.7136465324384788,
    "Bexar_48": 0.24384787472035793,
    "Bibb_1": 0.970917225950783,
    "Black Hawk_19": 0.6621923937360179,
    "Bladen_37": 0.9574944071588367,
    "Blaine_16": 0.18791946308724833,
    "Blair_42": 0.8366890380313199,
    "Blanco_48": 0.053691275167785234,
    "Boise_16": 0.042505592841163314,
    "Bosque_48": 0.41834451901565994,
    "Boulder_8": 0.6174496644295302,
    "Brazoria_48": 0.11185682326621924,
    "Brazos_48": 0.2550335570469799,
    "Brevard_12": 0.1342281879194631,
    "Bristol_25": 0.42953020134228187,
    "Bronx_36": 0.9395973154362416,
    "Broward_12": 0.4966442953020134,
    "Brunswick_37": 0.03131991051454139,
    "Bryan_13": 0.006711409395973154,
    "Bullock_1": 0.883668903803132,
    "Burlington_34": 0.3131991051454139,
    "Burnet_48": 0.06487695749440715,
    "Burnett_55": 0.18344519015659955,
    "Butte_6": 0.9664429530201343,
    "Calaveras_6": 0.5100671140939598,
    "Caledonia_50": 0.5011185682326622,
    "Calvert_24": 0.5637583892617449,
    "Camden_13": 0.14988814317673377,
    "Cape May_34": 0.5771812080536913,
    "Carbon_30": 0.1767337807606264,
    "Carteret_37": 0.6487695749440716,
    "Catron_35": 0.2080536912751678,
    "Cattaraugus_36": 0.7897091722595079,
    "Centre_42": 0.8657718120805369,
    "Chaffee_8": 0.3422818791946309,
    "Champaign_17": 0.8008948545861297,
    "Charles_24": 0.16554809843400448,
    "Charles City_51": 0.8769574944071589,
    "Charleston_45": 0.2751677852348993,
    "Charlotte_12": 0.0894854586129754,
    "Chatham_13": 0.3288590604026846,
    "Cheboygan_26": 0.5928411633109619,
    "Chelan_53": 0.7315436241610739,
    "Chenango_36": 0.8635346756152126,
    "Cheshire_33": 0.33109619686800895,
    "Chester_42": 0.39373601789709173,
    "Chesterfield_45": 0.8478747203579419,
    "Chippewa_26": 0.7762863534675615,
    "Chittenden_50": 0.39149888143176736,
    "Citrus_12": 0.0738255033557047,
    "Clackamas_41": 0.6062639821029083,
    "Clallam_53": 0.5548098434004475,
    "Clatsop_41": 0.5167785234899329,
    "Clear Creek_8": 0.9373601789709173,
    "Coconino_4": 0.47874720357941836,
    "Coffee_1": 0.16778523489932887,
    "Colbert_1": 0.19910514541387025,
    "Colleton_45": 0.41387024608501116,
    "Collier_12": 0.29082774049217003,
    "Collin_48": 0.035794183445190156,
    "Columbus_37": 0.9753914988814317,
    "Colusa_6": 0.3691275167785235,
    "Comal_48": 0.0044742729306487695,
    "Conecuh_1": 0.9731543624161074,
    "Conejos_8": 0.941834451901566,
    "Contra Costa_6": 0.6554809843400448,
    "Cooke_48": 0.12751677852348994,
    "Coryell_48": 0.087248322147651,
    "Covington_1": 0.5413870246085011,
    "Craven_37": 0.5324384787472036,
    "Crook_41": 0.06935123042505593,
    "Crosby_48": 0.9955257270693513,
    "Crow Wing_27": 0.30648769574944074,
    "Currituck_37": 0.0447427293064877,
    "Cuyahoga_39": 0.6442953020134228,
    "Dakota_27": 0.2483221476510067,
    "Dane_55": 0.9619686800894854,
    "Dare_37": 0.3243847874720358,
    "Dauphin_42": 0.38478747203579416,
    "Daviess_18": 0.5212527964205816,
    "DeKalb_1": 0.4899328859060403,
    "Del Norte_6": 0.9194630872483222,
    "Denton_48": 0.03803131991051454,
    "Denver_8": 0.5794183445190156,
    "Deschutes_41": 0.18568232662192394,
    "District of Columbia_11": 0.727069351230425,
    "Dorchester_24": 0.3534675615212528,
    "Douglas_8": 0.08501118568232663,
    "DuPage_17": 0.7046979865771812,
    "Duchesne_49": 0.37360178970917224,
    "Dukes_25": 0.05145413870246085,
    "Dutchess_36": 0.5682326621923938,
    "Duval_12": 0.13646532438478748,
    "Eagle_8": 0.8098434004474273,
    "Eddy_35": 0.4429530201342282,
    "Edgefield_45": 0.407158836689038,
    "El Dorado_6": 0.6375838926174496,
    "El Paso_8": 0.27740492170022374,
    "Elko_32": 0.38031319910514544,
    "Emanuel_13": 0.40939597315436244,
    "Emery_49": 0.5906040268456376,
    "Emmons_38": 0.8053691275167785,
    "Erath_48": 0.2639821029082774,
    "Erie_36": 0.4697986577181208,
    "Essex_25": 0.44966442953020136,
    "Etowah_1": 0.5592841163310962,
    "Fairfax_51": 0.7181208053691275,
    "Fairfield_9": 1.0,
    "Forrest_28": 0.3512304250559284,
    "Fort Bend_48": 0.040268456375838924,
    "Frederick_24": 0.06263982102908278,
    "Fresno_6": 0.5145413870246085,
    "Galveston_48": 0.21029082774049218,
    "Garfield_8": 0.28187919463087246,
    "Geauga_39": 0.5302013422818792,
    "Genesee_26": 0.7293064876957495,
    "Georgetown_45": 0.2058165548098434,
    "Gilchrist_12": 0.12304250559284116,
    "Gillespie_48": 0.738255033557047,
    "Gilpin_8": 0.6040268456375839,
    "Glenn_6": 0.6823266219239373,
    "Glynn_13": 0.4720357941834452,
    "Gonzales_48": 0.8299776286353467,
    "Grafton_33": 0.5861297539149888,
    "Graham_4": 0.25727069351230425,
    "Grand_8": 0.348993288590604,
    "Grand Isle_50": 0.2930648769574944,
    "Grays Harbor_53": 0.3087248322147651,
    "Green Lake_55": 0.4161073825503356,
    "Gulf_12": 0.6644295302013423,
    "Gunnison_8": 0.5995525727069351,
    "Hampden_25": 0.8590604026845637,
    "Hampshire_25": 0.697986577181208,
    "Harford_24": 0.31767337807606266,
    "Harnett_37": 0.19463087248322147,
    "Harney_41": 0.5503355704697986,
    "Harris_13": 0.21700223713646533,
    "Hawaii_15": 0.6286353467561522,
    "Hawkins_47": 0.3333333333333333,
    "Hays_48": 0.011185682326621925,
    "Haywood_37": 0.5615212527964206,
    "Hennepin_27": 0.610738255033557,
    "Hernando_12": 0.1029082774049217,
    "Highlands_12": 0.3221476510067114,
    "Hillsborough_12": 0.203579418344519,
    "Hinsdale_8": 0.9082774049217002,
    "Hocking_39": 0.8702460850111857,
    "Holmes_12": 0.36017897091722595,
    "Honolulu_15": 0.6733780760626398,
    "Hood River_41": 0.6778523489932886,
    "Horry_45": 0.06040268456375839,
    "Hudson_34": 0.27293064876957496,
    "Humboldt_6": 0.8277404921700223,
    "Huntingdon_42": 0.8389261744966443,
    "Hyde_37": 0.9485458612975392,
    "Idaho_16": 0.09843400447427293,
    "Indian River_12": 0.18120805369127516,
    "Ingham_26": 0.7449664429530202,
    "Inyo_6": 0.5525727069351231,
    "Ionia_26": 0.6420581655480985,
    "Island_53": 0.5279642058165548,
    "Isle of Wight_51": 0.116331096196868,
    "Jackson_1": 0.378076062639821,
    "Jefferson_1": 0.6465324384787472,