{
    "Accomack_51": 0.5751789976133651,
    "Ada_16": 0.08591885441527446,
    "Addison_50": 0.06801909307875895,
    "Aiken_45": 0.9033412887828163,
    "Alachua_12": 0.779236276849642,
    "Alameda_6": 0.1658711217183771,
    "Alfalfa_40": 0.6217183770883055,
    "Allegan_26": 0.9033412887828163,
    "Allegany_24": 0.9033412887828163,
    "Allegheny_42": 0.29832935560859186,
    "Alpena_26": 0.9033412887828163,
    "Alpine_6": 0.1658711217183771,
    "Amador_6": 0.0405727923627685,
    "Andrews_48": 0.2458233890214797,
    "Angelina_48": 0.256563245823389,
    "Anne Arundel_24": 0.4880668257756563,
    "Anoka_27": 0.779236276849642,
    "Appling_13": 0.36754176610978523,
    "Aransas_48": 0.441527446300716,
    "Archuleta_8": 0.2243436754176611,
    "Arlington_51": 0.057279236276849645,
    "Armstrong_42": 0.15513126491646778,
    "Aroostook_23": 0.9033412887828163,
    "Athens_39": 0.9033412887828163,
    "Atlantic_34": 0.5727923627684964,
    "Avery_37": 0.5799522673031027,
    "Baldwin_1": 0.6945107398568019,
    "Baltimore_24": 0.7267303102625299,
    "Bandera_48": 0.5393794749403341,
    "Bannock_16": 0.21241050119331742,
    "Barnstable_25": 0.5429594272076372,
    "Barry_26": 0.6587112171837709,
    "Bastrop_48": 0.43675417661097854,
    "Bay_12": 0.9033412887828163,
    "Bayfield_55": 0.5011933174224343,
    "Beaufort_37": 0.9033412887828163,
    "Bedford_42": 0.7267303102625299,
    "Bennington_50": 0.6945107398568019,
    "Bergen_34": 0.36754176610978523,
    "Berkeley_45": 0.9033412887828163,
    "Bernalillo_35": 0.4236276849642005,
    "Bexar_48": 0.779236276849642,
    "Bibb_1": 0.26968973747016706,
    "Black Hawk_19": 0.6217183770883055,
    "Bladen_37": 0.6587112171837709,
    "Blaine_16": 0.9033412887828163,
    "Blair_42": 0.3317422434367542,
    "Blanco_48": 0.7267303102625299,
    "Bosque_48": 0.9033412887828163,
    "Boulder_8": 0.779236276849642,
    "Brazoria_48": 0.9033412887828163,
    "Brazos_48": 0.5011933174224343,
    "Brevard_12": 0.13126491646778043,
    "Bristol_25": 0.779236276849642,
    "Bronx_36": 0.29832935560859186,
    "Broward_12": 0.050119331742243436,
    "Brunswick_37": 0.4343675417661098,
    "Bucks_42": 0.38782816229116945,
    "Burlington_34": 0.779236276849642,
    "Burnet_48": 0.6587112171837709,
    "Burnett_55": 0.6587112171837709,
    "Butte_6": 0.28758949880668255,
    "Calaveras_6": 0.9033412887828163,
    "Caledonia_50": 0.35083532219570407,
    "Calvert_24": 0.2529832935560859,
    "Camden_13": 0.779236276849642,
    "Cape May_34": 0.6945107398568019,
    "Carbon_30": 0.06324582338902147,
    "Carteret_37": 0.5011933174224343,
    "Catoosa_13": 0.36754176610978523,
    "Catron_35": 0.5799522673031027,
    "Cattaraugus_36": 0.057279236276849645,
    "Centre_42": 0.9033412887828163,
    "Chaffee_8": 0.779236276849642,
    "Champaign_17": 0.17899761336515513,
    "Charles_24": 0.9033412887828163,
    "Charleston_45": 0.45823389021479716,
    "Charlotte_12": 0.021479713603818614,
    "Chatham_13": 0.6945107398568019,
    "Cheboygan_26": 0.9033412887828163,
    "Chelan_53": 0.9033412887828163,
    "Chenango_36": 0.3317422434367542,
    "Cheshire_33": 0.9033412887828163,
    "Chester_42": 0.6587112171837709,
    "Chesterfield_45": 0.5155131264916468,
    "Chittenden_50": 0.5011933174224343,
    "Citrus_12": 0.14797136038186157,
    "Clackamas_41": 0.6945107398568019,
    "Clallam_53": 0.44630071599045346,
    "Clatsop_41": 0.1957040572792363,
    "Clear Creek_8": 0.3126491646778043,
    "Coconino_4": 0.40572792362768495,
    "Coffee_1": 0.36754176610978523,
    "Colbert_1": 0.9033412887828163,
    "Colleton_45": 0.9033412887828163,
    "Collier_12": 0.39856801909307876,
    "Collin_48": 0.9033412887828163,
    "Columbus_37": 0.24821002386634844,
    "Colusa_6": 0.23269689737470167,
    "Comal_48": 0.779236276849642,
    "Conejos_8": 0.016706443914081145,
    "Contra Costa_6": 0.7267303102625299,
    "Cooke_48": 0.1909307875894988,
    "Coryell_48": 0.6324582338902148,
    "Covington_1": 0.6587112171837709,
    "Craven_37": 0.06324582338902147,
    "Crook_41": 0.4152744630071599,
    "Crosby_48": 0.2828162291169451,
    "Crow Wing_27": 0.24343675417661098,
    "Currituck_37": 0.9033412887828163,
    "Cuyahoga_39": 0.3317422434367542,
    "Dakota_27": 0.12410501193317422,
    "Dane_55": 0.6587112171837709,
    "Dare_37": 0.5954653937947494,
    "Daviess_18": 0.36754176610978523,
    "DeKalb_1": 0.36754176610978523,
    "Del Norte_6": 0.3317422434367542,
    "Denton_48": 0.9033412887828163,
    "Denver_8": 0.1026252983293556,
    "Deschutes_41": 0.9033412887828163,
    "District of Columbia_11": 0.779236276849642,
    "Dorchester_24": 0.4116945107398568,
    "Douglas_8": 0.431980906921241,
    "DuPage_17": 0.07517899761336516,
    "Duchesne_49": 0.9033412887828163,
    "Dukes_25": 0.7267303102625299,
    "Dutchess_36": 0.9033412887828163,
    "Duval_12": 0.5369928400954654,
    "Eagle_8": 0.03579952267303103,
    "Eddy_35": 0.27923627684964203,
    "Edgefield_45": 0.9033412887828163,
    "El Dorado_6": 0.779236276849642,
    "El Paso_8": 0.23269689737470167,
    "Elko_32": 0.7267303102625299,
    "Emanuel_13": 0.5011933174224343,
    "Emery_49": 0.9033412887828163,
    "Erath_48": 0.4033412887828162,
    "Erie_36": 0.4081145584725537,
    "Essex_25": 0.477326968973747,
    "Etowah_1": 0.025059665871121718,
    "Fairfax_51": 0.9033412887828163,
    "Fairfield_9": 0.13842482100238662,
    "Flagler_12": 0.5477326968973747,
    "Forrest_28": 0.39618138424821003,
    "Fort Bend_48": 0.9033412887828163,
    "Frederick_24": 0.11455847255369929,
    "Fresno_6": 0.9033412887828163,
    "Galveston_48": 0.9033412887828163,
    "Genesee_26": 0.38782816229116945,
    "Georgetown_45": 0.779236276849642,
    "Gilchrist_12": 0.007159904534606206,
    "Gillespie_48": 0.38782816229116945,
    "Gilpin_8": 0.9952267303102625,
    "Glenn_6": 0.07517899761336516,
    "Glynn_13": 0.45823389021479716,
    "Gonzales_48": 0.6133651551312649,
    "Grafton_33": 0.5011933174224343,
    "Graham_4": 0.18377088305489261,
    "Grand_8": 0.9033412887828163,
    "Grand Isle_50": 0.10739856801909307,
    "Grays Harbor_53": 0.5668257756563246,
    "Gulf_12": 0.7267303102625299,
    "Gunnison_8": 0.5513126491646778,
    "Hampden_25": 0.9033412887828163,
    "Hampshire_25": 0.22673031026252982,
    "Harford_24": 0.6587112171837709,
    "Harnett_37": 0.05250596658711217,
    "Harney_41": 0.779236276849642,
    "Harris_13": 0.9033412887828163,
    "Hawaii_15": 0.5608591885441527,
    "Hawkins_47": 0.2052505966587112,
    "Hays_48": 0.9033412887828163,
    "Haywood_37": 0.4797136038186158,
    "Hennepin_27": 0.1026252983293556,
    "Hernando_12": 0.9033412887828163,
    "Highlands_12": 0.6945107398568019,
    "Hillsborough_12": 0.11813842482100238,
    "Hinsdale_8": 0.09307875894988067,
    "Hocking_39": 0.0883054892601432,
    "Holmes_12": 0.21241050119331742,
    "Honolulu_15": 0.26252983293556087,
    "Hood River_41": 0.38782816229116945,
    "Horry_45": 0.6587112171837709,
    "Hudson_34": 0.12410501193317422,
    "Humboldt_6": 0.5668257756563246,
    "Hunterdon_34": 0.0477326968973747,
    "Huntingdon_42": 0.11217183770883055,
    "Hyde_37": 0.9033412887828163,
    "Idaho_16": 0.38782816229116945,
    "Indian River_12": 0.22911694510739858,
    "Ingham_26": 0.09785202863961814,
    "Inyo_6": 0.162291169451074,
    "Island_53": 0.779236276849642,
    "Jackson_1": 0.6062052505966588,
    "Jefferson_1": 0.5847255369928401,
    "Johnston_37": 0.36754176610978523,
    "Josephine_41": 0.9033412887828163,
    "Juneau_55": 0.5954653937947494,
    "Kalamazoo_26": 0.7267303102625299,
    "Kane_17": 0.00954653937947494,
    "Kauai_15": 0.522673031026253,
    "Kent_10": 0.23747016706443913,
    "Kern_6": 0.5560859188544153,
    "Kerr_48": 0.6324582338902148,
    "Kimble_48": 0.9033412887828163,
    "Kings_6": 0.7267303102625299,
    "Kinney_48": 0.14081145584725538,
    "Kitsap_53": 0.5954653937947494,
    "Klamath_41": 0.5477326968973747,